framework,mean,stddev,min,max
zim,0.020694,0.00124111,0.019,0.034
zcomet,0.024157,0.00110379,0.023,0.036
zinit-turbo,0.029572,0.00094277,0.028,0.036
antigen,0.033418,0.00158217,0.032,0.048
zgen,0.05306,0.00141294,0.051,0.071
antibody-static,0.055116,0.00238926,0.053,0.075
prezto,0.081606,0.00332908,0.078,0.124
ohmyzsh,0.088188,0.00326353,0.083,0.117
zinit-light,0.184894,0.00325342,0.178,0.222
zplug,0.239999,0.00685602,0.22,0.27
