framework,mean,stddev,min,max
zim,0.02016,0.00074458,0.019,0.023
zcomet,0.02375,0.000766485,0.023,0.026
zinit-turbo,0.02968,0.00097857,0.028,0.032
antigen,0.03289,0.00112156,0.031,0.036
zgen,0.05242,0.000918477,0.051,0.055
antibody-static,0.05456,0.00116893,0.053,0.059
prezto,0.08009,0.00123365,0.078,0.085
ohmyzsh,0.0874,0.002498,0.083,0.094
zinit-light,0.18313,0.00222556,0.179,0.192
zplug,0.2378,0.00664229,0.223,0.25
